period,price_usd,price_btc,price_eth,coin_key
24H,84321.17695952475,1.0,52.9696882902514,bitcoin
YTD,93403.4032767955,1.0,28.0197324846923,bitcoin
7D,82651.5452935346,1.0,52.7409943776465,bitcoin
14D,82596.8142943726,1.0,46.2707751954778,bitcoin
MTD,82121.8780137051,1.0,45.5508009181091,bitcoin
30D,83404.4604277448,1.0,42.0901937142159,bitcoin
3M,104201.885107789,1.0,29.9501925326527,bitcoin
6M,68444.4723309677,1.0,25.9043701465241,bitcoin
1Y,63499.0761558325,1.0,20.6943310586934,bitcoin
3Y,41498.9065180182,1.0,13.3678730568382,bitcoin
24H,0.613296720736,7.2684828577e-06,0.00038499887286,eos
YTD,0.773893678608,8.2854976527e-06,0.00023215742773,eos
7D,0.632054914885,7.6472244123e-06,0.00040332221974,eos
14D,0.803491767791,9.7278784255e-06,0.00045011647576,eos
MTD,0.632987399488,7.7079021425e-06,0.00035110111599,eos
30D,0.580174536333,6.956157181e-06,0.00029278600326,eos
3M,0.989959765254,9.5004016888e-06,0.00028453885972,eos
6M,0.483515425181,7.0643458663e-06,0.00018299743016,eos
1Y,0.761039427126,1.19850472353e-05,0.00024802253524,eos
3Y,2.65143464275,6.3891674871e-05,0.00085409579906,eos
24H,1591.799040126305,0.0188778086066136,1.0,ethereum
YTD,3333.56459753538,0.0356899693221729,1.0,ethereum
7D,1567.12148241024,0.0189605829733086,1.0,ethereum
14D,1785.20094115672,0.0216134357772482,1.0,ethereum
MTD,1802.703592232,0.0219515631623908,1.0,ethereum
30D,1981.62545039334,0.0237592263079271,1.0,ethereum
3M,3479.1604199581,0.0333886514275551,1.0,ethereum
6M,2642.18943700476,0.0386034013707971,1.0,ethereum
1Y,3067.32613692137,0.0483050513899427,1.0,ethereum
3Y,3104.37904076586,0.0748062853033968,1.0,ethereum
24H,5.384172689887,6.38104942943e-05,0.0033804775394,neo
YTD,13.554013702977,0.0001451126321683,0.00406592202023,neo
7D,5.253485607065,6.36137921465e-05,0.00335236152468,neo
14D,4.628694931512,5.60741506456e-05,0.00259347183691,neo
MTD,4.99618215029,6.08428582977e-05,0.00276921400178,neo
30D,8.390241194147,0.0001004212494061,0.00424517751368,neo
3M,17.045387094645,0.000163580410057,0.00489928173385,neo
6M,10.550355009375,0.0001541447344112,0.00399303504193,neo
1Y,19.286443707677,0.0003037279418105,0.00628770559333,neo
3Y,22.115476687303,0.0005329170945191,0.00712396147406,neo
24H,2.09554904941,2.48519900335e-05,0.00131646583305,ripple
YTD,2.079374825253,2.22623025747e-05,0.00062376917093,ripple
7D,2.017773733489,2.44130188531e-05,0.00128756689008,ripple
14D,2.047834951041,2.47931469093e-05,0.00114711733779,ripple
30D,2.310825572494,2.77062588816e-05,0.0011661263091,ripple
3M,3.312000968287,3.17844630628e-05,0.00095195408331,ripple
MTD,2.067711648404,2.5178572366e-05,0.00114700589565,ripple
6M,0.546320577225,7.9819532333e-06,0.00020676813311,ripple
1Y,0.506782089255,7.9809364157e-06,0.00016521949954,ripple
3Y,0.775401486655,1.86848654992e-05,0.00024977667884,ripple
24H,0.236835370192,2.8087294169e-06,0.00014878471731,stellar
7D,0.236476480598,2.8606966325e-06,0.00015088141218,stellar
14D,0.25663009594,3.1115368057e-06,0.00014389230914,stellar
30D,0.279640021587,3.3480463436e-06,0.00014067462822,stellar
MTD,0.26295449183,3.2043690619e-06,0.00014606578598,stellar
3M,0.488968289834,4.692509059e-06,0.00014054203624,stellar
6M,0.096636062443,1.4118899475e-06,3.657423691e-05,stellar
YTD,0.332444430114,3.5592325167e-06,9.972641009e-05,stellar
1Y,0.111114884321,1.7498661563e-06,3.622532439e-05,stellar
3Y,0.204137768125,4.919111978e-06,6.57580036e-05,stellar
24H,0.615539886937,7.299944203e-06,0.00038669447048,cardano
7D,0.63252803342,7.6529486675e-06,0.00040362412265,cardano
14D,0.641229864026,7.7633728311e-06,0.00035919198183,cardano
30D,0.716329404908,8.5886222539e-06,0.00036148577157,cardano
MTD,0.641586948179,7.812619045e-06,0.00035590262922,cardano
3M,1.139206387976,1.09326850162e-05,0.0003274371545,cardano
6M,0.350553226825,5.1217171363e-06,0.00013267528131,cardano
YTD,0.843974983368,9.035805482e-06,0.00025317492992,cardano
1Y,0.459923801354,7.2429998859e-06,0.0001499429082,cardano
3Y,0.952789508818,2.29593883011e-05,0.00030691790413,cardano
24H,75.026746761596,0.0008897734764496,0.04713330318106,litecoin
7D,77.132350414408,0.0009332233310397,0.04921912645584,litecoin
14D,82.910091640452,0.0010037928502298,0.04644300242567,litecoin
30D,90.475818839858,0.0010847839357253,0.04565737628264,litecoin
MTD,82.023362836732,0.000998800378421,0.04550019381454,litecoin
3M,137.034843560917,0.0013150898701992,0.03938733114312,litecoin
6M,73.226738558267,0.0010698707443338,0.02771441651106,litecoin
YTD,102.930451154565,0.0011019989373357,0.03087699312342,litecoin
1Y,80.882308202896,0.001273755668577,0.02636899520704,litecoin
3Y,113.822876156629,0.0027427921771194,0.03666526370071,litecoin
24H,332.335840897709,0.0039386764691313,0.20865858329606,bitcoin-cash
7D,304.594867894932,0.0036852894499815,0.194365830163,bitcoin-cash
14D,301.600096831523,0.0036514737209674,0.16894462123468,bitcoin-cash
30D,335.792347052781,0.0040260718111555,0.16945298466273,bitcoin-cash
MTD,297.350668715372,0.0036208459415133,0.16494706617143,bitcoin-cash
3M,489.865124450319,0.004701115761424,0.14079980952882,bitcoin-cash
6M,367.067011609101,0.0053629898676715,0.13892531945976,bitcoin-cash
YTD,434.370978806807,0.0046504834253156,0.13030225336805,bitcoin-cash
1Y,490.929791649942,0.0077312903016913,0.16005138343153,bitcoin-cash
3Y,340.378684503081,0.0082021121292749,0.1096446922342,bitcoin-cash
24H,0.156931241544,1.8598697831e-06,9.85300004e-05,iota
7D,0.16080690922,1.9456007586e-06,0.00010261291867,iota
14D,0.161663378009,1.9572592404e-06,9.055752452e-05,iota
30D,0.185245306351,2.221047956e-06,9.348149334e-05,iota
MTD,0.166479202127,2.0272210786e-06,9.234973672e-05,iota
3M,0.398986721959,3.8289779647e-06,0.00011467902419,iota
6M,0.120341970404,1.7582423577e-06,4.554630668e-05,iota
YTD,0.281032047867,3.0087988018e-06,8.430376543e-05,iota
1Y,0.229800128565,3.6189523136e-06,7.491871366e-05,iota
3Y,0.686565807533,1.65441903206e-05,0.00022116043129,iota
24H,216.876659923487,0.002570312593541,0.13616700650576,monero
7D,202.317777597059,0.0024498403563329,0.1291033009517,monero
14D,215.632968869414,0.0026122774906209,0.12081980777467,monero
30D,208.760876528142,0.0024986204285384,0.10562592400707,monero
MTD,215.758475825639,0.0026274787380263,0.11958759194232,monero
3M,231.474826200232,0.0022214072803077,0.06653180602779,monero
6M,160.608621871509,0.0023465535842672,0.06078618725143,monero
YTD,193.417924431287,0.0020707802675894,0.05802135185089,monero
1Y,116.430149109089,0.0018335723314046,0.03795819026468,monero
3Y,254.469048056493,0.0061319458609351,0.0819709979725,monero
24H,0.017325995042,2.05338939e-07,1.087820552e-05,nem
7D,0.015945359279,1.929227e-07,1.017493504e-05,nem
14D,0.014719359346,1.782073494e-07,8.24521151e-06,nem
30D,0.019485745698,2.336295397e-07,9.83321328e-06,nem
MTD,0.016318967027,1.987164373e-07,9.05249598e-06,nem
3M,0.027363424633,2.626000922e-07,7.86495054e-06,nem
6M,0.01801239667,2.631680259e-07,6.81722378e-06,nem
YTD,0.023766350982,2.544484478e-07,7.12941066e-06,nem
1Y,0.036914473037,5.813387418e-07,1.203474016e-05,nem
3Y,0.101589769246,2.4480107494e-06,3.272466664e-05,nem
24H,0.247272719488,2.9325354575e-06,0.00015539998103,tron
7D,0.237800983292,2.8771510859e-06,0.00015174380925,tron
14D,0.238343497392,2.8856257887e-06,0.00013351073927,tron
30D,0.229688797083,2.7539150293e-06,0.00011590928903,tron
MTD,0.233047768867,2.837828049e-06,0.00012927680949,tron
3M,0.249298670359,2.3924583524e-06,7.16548363e-05,tron
6M,0.158436426336,2.3148169741e-06,5.996406772e-05,tron
1Y,0.109808076851,1.7292862117e-06,3.579928314e-05,tron
YTD,0.254390002268,2.7235624543e-06,7.631170623e-05,tron
3Y,0.063422565342,1.5282948555e-06,2.043003271e-05,tron
24H,14.932082992524,0.0001769675029901,0.00937517685262,ethereum-classic
1Y,26.149740458763,0.0004118129277124,0.00852525596936,ethereum-classic
7D,15.064777956143,0.0001822685577461,0.00961302497939,ethereum-classic
14D,15.961178568247,0.0001932420602974,0.00894083024508,ethereum-classic
30D,18.063357284029,0.0002165754348315,0.00911542455233,ethereum-classic
MTD,16.57603889989,0.0002018468074625,0.00919509950017,ethereum-classic
3M,28.334481707098,0.0002719190893503,0.00814405726869,ethereum-classic
6M,19.352972012716,0.0002827543460213,0.00732459669306,ethereum-classic
YTD,25.01413338952,0.0002678075157004,0.00750371941435,ethereum-classic
3Y,37.783815605835,0.0009104773782276,0.01217113474536,ethereum-classic
24H,20.415087443654,0.0002419493013825,0.012817706367,dash
MTD,21.827051040168,0.0002657885032357,0.01210795337305,dash
1Y,29.047060308302,0.0004574406757827,0.00946983105535,dash
7D,20.282233973132,0.000245394492034,0.01294234952477,dash
14D,21.334535575883,0.0002582973176162,0.01195077544719,dash
30D,23.920548058014,0.0002868017841652,0.01207117523307,dash
3M,43.841639620766,0.0004207374902615,0.01260121245611,dash
6M,23.783049154674,0.0003474794726982,0.00900126570093,dash
YTD,37.828560287103,0.0004050019481089,0.01134778078549,dash
3Y,109.492572201157,0.0026384447540471,0.03527036188665,dash
24H,1.964325120059,2.32957507342e-05,0.00123402833558,qtum
MTD,1.922876275504,2.34322114225e-05,0.00106811803278,qtum
1Y,4.142981970589,6.52447597887e-05,0.00135068192479,qtum
7D,1.933335111997,2.33878871609e-05,0.00123354479557,qtum
14D,1.852047204091,2.2455328243e-05,0.00103844152748,qtum
30D,2.256839349686,2.70204625573e-05,0.00113531687868,qtum
3M,3.5194231405,3.37750429069e-05,0.00101157253926,qtum
6M,2.549509926108,3.72493181594e-05,0.00096492321497,qtum
YTD,3.012546590137,3.22530709209e-05,0.00090370127891,qtum
3Y,6.825063727307,0.0001644637003711,0.00219852783364,qtum
24H,0.872147854914,1.03362557119e-05,0.0005475820343,nano
MTD,0.892028078533,1.08622464574e-05,0.00049482792533,nano
1Y,1.049036770777,1.6520504459e-05,0.0003420036618,nano
7D,0.861323513209,1.04211422805e-05,0.00054962140643,nano
14D,0.781302667485,9.4592348889e-06,0.00043765530785,nano
30D,1.099418087553,1.3181766082e-05,0.00055480620081,nano
3M,1.50022986801,1.43973390353e-05,0.00043120456861,nano
6M,0.862601485193,1.26029386423e-05,0.00032647223288,nano
YTD,1.258898511559,1.3478079678e-05,0.00037764335285,nano
3Y,2.137128308228,5.14984245983e-05,0.00068842376532,nano
24H,0.549891823779,6.5170400551e-06,0.00034525210584,bitcoin-gold
MTD,0.542891545214,6.6108028499e-06,0.00030115408188,bitcoin-gold
1Y,33.143528527836,0.0005219529248977,0.01080534871362,bitcoin-gold
7D,0.939470234781,1.13666384754e-05,0.00059948781593,bitcoin-gold
14D,0.687620688915,8.3250267554e-06,0.00038517831414,bitcoin-gold
30D,3.197688274757,3.83395355399e-05,0.00161366936124,bitcoin-gold
3M,12.196726848485,0.0001170490038243,0.00350565233455,bitcoin-gold
6M,23.407841379476,0.0003419975431513,0.00885925931413,bitcoin-gold
YTD,9.868361562413,0.000105653126291,0.00296030308508,bitcoin-gold
3Y,35.842351280174,0.0008636938726232,0.01154573936027,bitcoin-gold
MTD,38.118100054777,0.000464507982591,0.02117381682975,zcash
1Y,22.037673277582,0.0003470550220841,0.00718465278678,zcash
24H,31.367479643965,0.0003720000215251,0.0197056782001,zcash
7D,36.978293590361,0.0004473327735725,0.02359362395295,zcash
14D,39.108265816044,0.0004741720102886,0.02192797635046,zcash
30D,33.030480633752,0.0003954640658581,0.01661618589723,zcash
3M,55.045390568801,0.0005282571472854,0.01582145803138,zcash
6M,35.889880073984,0.0005243649173075,0.01358338640346,zcash
YTD,55.809864879547,0.0005975142545305,0.0167417979303,zcash
3Y,158.878151503819,0.0038284900696079,0.05117872186916,zcash
MTD,0.091970578393,1.1199278513e-06,5.101813675e-05,icon
6M,0.143460892964,2.0960186861e-06,5.429621773e-05,icon
1Y,0.237140439965,3.7345494505e-06,7.731177885e-05,icon
24H,0.094899039765,1.1246954702999999e-06,5.9582797750000004e-05,icon
7D,0.088868627313,1.0752203966e-06,5.670819289e-05,icon
14D,0.085408236026,1.0340378955e-06,4.784236556e-05,icon
30D,0.105190727652,1.2612122555e-06,5.308305242e-05,icon
3M,0.199233552981,1.9119956686e-06,5.726483661e-05,icon
YTD,0.181487718871,1.9430525281e-06,5.444253848e-05,icon
3Y,0.806034505792,1.94230299886e-05,0.00025964435889,icon
24H,585.896248259469,0.0069483879303619,0.36807174366243,bnb
MTD,594.547815057315,0.0072451723913132,0.33025902430767,bnb
6M,599.390125304692,0.008757319691301,0.22685357715462,bnb
1Y,552.115921571816,0.0086948654216145,0.17999909267098,bnb
7D,584.372199646355,0.0070692509438729,0.37285273570895,bnb
14D,589.615024236651,0.0071488452761812,0.33059671753674,bnb
30D,616.156776483195,0.007377060804409,0.30996144601734,bnb
3M,722.026236519939,0.006929109159331,0.20752887172953,bnb
YTD,700.98661621367,0.0075049365614263,0.21028139569635,bnb
3Y,422.252635331896,0.0101750303986579,0.13601838879434,bnb
24H,0.14742837445,1.7472466038e-06,9.256358167e-05,steem
MTD,0.125941746876,1.5335955524e-06,6.986270367e-05,steem
6M,0.179412598431,2.6212868961e-06,6.790300344e-05,steem
1Y,0.26655346479,4.1977534309e-06,8.690092051e-05,steem
7D,0.129920725608,1.5719092141e-06,8.290405502e-05,steem
14D,0.118760929597,1.4378391057e-06,6.652524478e-05,steem
30D,0.138122145622,1.6560522652e-06,6.970143909e-05,steem
3M,0.262310548898,2.5173301676e-06,7.539478415e-05,steem
YTD,0.280106436831,2.9988889805e-06,8.402610138e-05,steem
3Y,0.35252657903,8.4948401924e-06,0.0001135578402,steem
14D,0.004155368672,5.03090671e-08,2.3276756e-06,verge
24H,0.004228798108,5.0117578500000005e-08,2.6550703e-06,verge
MTD,0.004530927319,5.51732063e-08,2.51340672e-06,verge
6M,0.003879576228,5.66820971e-08,1.46831873e-06,verge
1Y,0.005613388829,8.84011102e-08,1.83005933e-06,verge
7D,0.004188884386,5.06812591e-08,2.67298e-06,verge
30D,0.005036749834,6.03894541e-08,2.54172646e-06,verge
3M,0.014053230416,1.348654144e-07,4.03925911e-06,verge
YTD,0.013165274014,1.409506886e-07,3.9493082e-06,verge
3Y,0.010876779842,2.620979865e-07,3.50368937e-06,verge
24H,0.075978962222,9.004642709e-07,4.770374021e-05,stratis
MTD,0.0388406398,4.729633654e-07,2.154577157e-05,stratis
6M,0.049984994393,7.302999452e-07,1.891802067e-05,stratis
1Y,0.086766857036,1.3664270772e-06,2.828745727e-05,stratis
7D,0.040487831504,4.898617607e-07,2.583579637e-05,stratis
14D,0.035382256266,4.283731348e-07,1.981976115e-05,stratis
30D,0.043809077883,5.252606115e-07,2.210764798e-05,stratis
3M,0.078166958995,7.501491831e-07,2.246719023e-05,stratis
YTD,0.074300395805,7.954784644e-07,2.228857238e-05,stratis
3Y,1.091866626898,2.63107324629e-05,0.00035171820598,stratis
24H,2.5263539e-05,2.994107e-10,1.5861830000000002e-08,bytecoin-bcn
7D,2.5246306e-05,3.054547e-10,1.610999e-08,bytecoin-bcn
MTD,2.8108339e-05,3.422759e-10,1.559232e-08,bytecoin-bcn
6M,2.2053376e-05,3.222083e-10,8.34663e-09,bytecoin-bcn
YTD,3.1713909e-05,3.39537e-10,9.51351e-09,bytecoin-bcn
1Y,3.0319265e-05,4.774757e-10,9.88459e-09,bytecoin-bcn
14D,2.4666127e-05,2.986329e-10,1.3817e-08,bytecoin-bcn
30D,2.8430474e-05,3.408747e-10,1.434705e-08,bytecoin-bcn
3M,3.5497706e-05,3.406628e-10,1.020295e-08,bytecoin-bcn
3Y,0.000141160433,3.4015458e-09,4.547139e-08,bytecoin-bcn
24H,0.003140190053,3.72159459e-08,1.97158274e-06,siacoin
7D,0.002919555619,3.53236665e-08,1.86300529e-06,siacoin
MTD,0.003002739209,3.65644245e-08,1.6656866e-06,siacoin
6M,0.004985620617,7.284183e-08,1.88692777e-06,siacoin
YTD,0.005304762158,5.67940993e-08,1.59131824e-06,siacoin
1Y,0.007320318571,1.152822846e-07,2.38654719e-06,siacoin
14D,0.002783100044,3.36950047e-08,1.55898419e-06,siacoin
30D,0.003382568071,4.05562011e-08,1.7069664e-06,siacoin
3M,0.006261166417,6.00868824e-08,1.79961993e-06,siacoin
3Y,0.010822154633,2.607816818e-07,3.48609319e-06,siacoin
24H,1.029412451624,1.2210846046e-05,0.00064620746338,waves
7D,1.058173165799,1.27791976402e-05,0.00067251139484,waves
MTD,1.165478871664,1.42392693652e-05,0.00064883354664,waves
3M,1.91822900262,1.84087744731e-05,0.00055134824816,waves
6M,1.09251915799,1.59621240516e-05,0.00041349009374,waves
YTD,1.517897261016,1.62509845227e-05,0.00045533758732,waves
1Y,2.658169694618,4.1861549105e-05,0.0008666081062,waves
14D,1.097146875543,1.32122713483e-05,0.00061084497528,waves
30D,1.445255406206,1.72856069209e-05,0.00073467808658,waves
3Y,21.191775611205,0.0005106586507768,0.00682641369914,waves
24H,0.000968692355,1.1482487400000001e-08,6.0786778e-07,bitshares
7D,0.000876686271,1.06156831e-08,5.5943226e-07,bitshares
MTD,0.000927764366,1.12981941e-08,5.1422826e-07,bitshares
3M,0.001344930894,1.29069728e-08,3.8656766e-07,bitshares
6M,0.001738493145,2.54000518e-08,6.5797445e-07,bitshares
YTD,0.001800002686,1.92712752e-08,5.3996334e-07,bitshares
1Y,0.003061340451,4.82107872e-08,9.9804857e-07,bitshares
14D,0.000928112924,1.12435891e-08,5.2002449e-07,bitshares
30D,0.001027628076,1.22994909e-08,5.1994496e-07,bitshares
3Y,0.023025756988,5.548521376e-07,7.41718607e-06,bitshares
24H,11.226991734645,0.0001331740911185,0.00704767640884,decred
6M,12.695809244688,0.0001854906439091,0.00480503368414,decred
7D,13.057595934853,0.0001577246325496,0.00830946468487,decred
MTD,11.097317515001,0.0001357220178638,0.00619574396897,decred
3M,15.471546557295,0.0001484766474358,0.0044469195696,decred
YTD,15.228707526328,0.0001630423195737,0.00456829531295,decred
1Y,20.560176968749,0.0003237870251575,0.00670296409673,decred
14D,11.045169930416,0.000133168073442,0.00615226174119,decred
30D,11.99745290639,0.0001433529335299,0.00607680389328,decred
3Y,63.488172806775,0.0015298757999614,0.02045116655314,decred
24H,0.017354812249,2.0582499589999997e-07,1.089104322e-05,aeternity
MTD,0.018637636022,2.277058178e-07,1.037575522e-05,aeternity
3M,0.032273269648,3.097186737e-07,9.27616601e-06,aeternity
YTD,0.031777039394,3.402128646e-07,9.53245046e-06,aeternity
1Y,0.032727336557,5.153986253e-07,1.066966312e-05,aeternity
7D,0.013934944316,1.682875859e-07,8.85621479e-06,aeternity
14D,0.017329209059,2.086851063e-07,9.64817065e-06,aeternity
30D,0.019503598301,2.332677894e-07,9.91441805e-06,aeternity
6M,0.022865204114,3.340694045e-07,8.65388522e-06,aeternity
3Y,0.103361815474,2.4907117837e-06,3.329548812e-05,aeternity
24H,0.156073725523,1.8500348534e-06,9.793841263e-05,dogecoin
MTD,0.163683945171,1.9932567405e-06,9.068772606e-05,dogecoin
3M,0.41499221652,3.9825787805e-06,0.00011927941412,dogecoin
6M,0.137314611254,2.0062191522e-06,5.197000992e-05,dogecoin
YTD,0.315786494378,3.3808885255e-06,9.472937606e-05,dogecoin
1Y,0.153240463586,2.413270757e-06,4.995897298e-05,dogecoin
7D,0.159018952307,1.9256475515e-06,0.00010138817138,dogecoin
30D,0.16882657015,2.020501596e-06,8.543537766e-05,dogecoin
14D,0.163267063943,1.9730115838e-06,9.120468904e-05,dogecoin
3Y,0.142807726448,3.441240708e-06,4.600202635e-05,dogecoin
24H,0.001558759362,1.84736284e-08,9.7867422e-07,electroneum
30D,0.002033729341,2.43839398e-08,1.02629351e-06,electroneum
MTD,0.001719795684,2.09419917e-08,9.5400913e-07,electroneum
6M,0.002272147549,3.31969474e-08,8.5994877e-07,electroneum
YTD,0.002910501359,3.11605494e-08,8.7308983e-07,electroneum
1Y,0.005551416889,8.74251599e-08,1.80985544e-06,electroneum
7D,0.00154719743,1.87195221e-08,9.8728621e-07,electroneum
14D,0.001643772599,1.99011622e-08,9.2077735e-07,electroneum
3M,0.002652200071,2.54525153e-08,7.6231037e-07,electroneum
3Y,0.005481127539,1.320788425e-07,1.76561157e-06,electroneum
24H,0.117985419062,1.3992861487e-06,7.404195905e-05,komodo
6M,0.252495673942,3.6890586682e-06,9.556304722e-05,komodo
7D,0.123233851393,1.4885599176e-06,7.842234828e-05,komodo
30D,0.171614269969,2.0505526654e-06,8.692397228e-05,komodo
MTD,0.145309918318,1.7771641933e-06,8.112798871e-05,komodo
3M,0.304514035871,2.9223467076e-06,8.752514949e-05,komodo
YTD,0.304621962666,3.2613582801e-06,9.138024891e-05,komodo
1Y,0.393125533044,6.1910433481e-06,0.00012816554729,komodo
14D,0.129944324715,1.5666970708e-06,7.238018994e-05,komodo
3Y,0.488439088572,1.17699267175e-05,0.00015733874058,komodo
24H,0.500462969836,5.9354020792e-06,0.00031406642461,ark
30D,0.354595695818,4.2410509502e-06,0.00018025442852,ark
MTD,0.298075473418,3.641745089e-06,0.00016594154668,ark
3M,0.62291905218,5.9780017563e-06,0.00017904292329,ark
6M,0.581107040681,8.4901968105e-06,0.00021993390502,ark
YTD,0.515557599442,5.5196875205e-06,0.00015465654988,ark
1Y,0.721924079291,1.13690485436e-05,0.00023535941307,ark
7D,0.351758163642,4.2480637763e-06,0.00022355639032,ark
14D,0.285756108636,3.4411867097e-06,0.00015909691492,ark
3Y,1.068197597988,2.57403793887e-05,0.00034409380554,ark
24H,0.132151423102,1.5664695256e-06,8.292683656e-05,ardor
6M,0.085538032856,1.2497434773e-06,3.237392129e-05,ardor
30D,0.063311232659,7.577604669e-07,3.203333671e-05,ardor
MTD,0.057309696745,6.979100548e-07,3.176481759e-05,ardor
3M,0.102723533457,9.858126209e-07,2.952537999e-05,ardor
YTD,0.089314066741,9.562185489e-07,2.679236119e-05,ardor
1Y,0.104093833542,1.6392968189e-06,3.393634354e-05,ardor
7D,0.066824680328,8.091715944e-07,4.264225773e-05,ardor
14D,0.043256344151,5.240273542e-07,2.423666109e-05,ardor
3Y,0.219678932007,5.2936077222e-06,7.076421053e-05,ardor
24H,0.032615764347,3.8681718169999995e-07,2.046808078e-05,syscoin
YTD,0.110764524321,1.1858724675e-06,3.322705203e-05,syscoin
3M,0.11823497452,1.1346721261e-06,3.398376627e-05,syscoin
6M,0.101585902943,1.4842090162e-06,3.844762284e-05,syscoin
1Y,0.219323860509,3.453969314e-06,7.150327377e-05,syscoin
14D,0.036518043971,4.397645537e-07,2.033170231e-05,syscoin
7D,0.030495236301,3.682806032e-07,1.938094309e-05,syscoin
30D,0.049426309173,5.911507047e-07,2.512526581e-05,syscoin
MTD,0.041287580262,5.044321189e-07,2.298520186e-05,syscoin
3Y,0.538265598967,1.29705971586e-05,0.00017338913577,syscoin
24H,0.01010363712,1.198489072e-07,6.34249732e-06,digibyte
YTD,0.010425229861,1.116150964e-07,3.12735199e-06,digibyte
3M,0.013717666469,1.316450893e-07,3.94280942e-06,digibyte
6M,0.006771322026,9.89316127e-08,2.56276932e-06,digibyte
1Y,0.012548351727,1.976147133e-07,4.09097408e-06,digibyte
14D,0.01084164732,1.30559353e-07,6.03617067e-06,digibyte
7D,0.009895159239,1.195004747e-07,6.2887697e-06,digibyte
30D,0.008119860005,9.71155048e-08,4.12763252e-06,digibyte
MTD,0.00840042685,1.026324403e-07,4.67660022e-06,digibyte
3Y,0.025659798344,6.18324686e-07,8.26567826e-06,digibyte
MTD,0.139080837821,1.6936530774e-06,7.705657942e-05,pivx
3M,0.301311497679,2.891612732e-06,8.660465782e-05,pivx
6M,0.199417574852,2.9135672767e-06,7.547436685e-05,pivx
YTD,0.309795119117,3.316743376e-06,9.293208818e-05,pivx
1Y,0.361085896211,5.6864747973e-06,0.00011772008586,pivx
24H,0.115599737907,1.3709923932e-06,7.254482061e-05,pivx
14D,0.122930844334,1.4855658822e-06,6.86719609e-05,pivx
7D,0.122580121841,1.4843898042e-06,7.815530301e-05,pivx
30D,0.167595981344,2.0057740171e-06,8.481263316e-05,pivx
3Y,0.253395849462,6.1060849724e-06,8.162529322e-05,pivx
24H,10.129903629219,0.0001200757809512,0.00635665392687,kucoin-shares
MTD,11.063024001164,0.0001347196705042,0.00612937627421,kucoin-shares
3M,11.279778568754,0.000108249275501,0.00324209786477,kucoin-shares
YTD,10.515891752088,0.0001125857450924,0.00315454866537,kucoin-shares
1Y,8.549835537797,0.0001346450382493,0.00278739043589,kucoin-shares
7D,10.440449691633,0.0001264291211401,0.00665667888817,kucoin-shares
14D,10.090270509102,0.0001219365383142,0.00563665421476,kucoin-shares
30D,11.204294756958,0.0001340920177374,0.00566997927619,kucoin-shares
6M,8.938678368848,0.0001305975203611,0.00338305734012,kucoin-shares
3Y,20.931771674553,0.0005043933305921,0.00674265977179,kucoin-shares
24H,0.011256413891,1.33428978e-07,7.06355462e-06,zilliqa
7D,0.010876836941,1.317135732e-07,6.93491305e-06,zilliqa
MTD,0.011101583767,1.35189231e-07,6.15073999e-06,zilliqa
3M,0.023730583785,2.277366073e-07,6.82077884e-06,zilliqa
YTD,0.020108088016,2.152821772e-07,6.03200791e-06,zilliqa
1Y,0.024609444976,3.87555953e-07,8.02309369e-06,zilliqa
14D,0.011047307373,1.335019133e-07,6.17127674e-06,zilliqa
30D,0.012654383383,1.514465513e-07,6.40380257e-06,zilliqa
6M,0.015126567683,2.210049573e-07,5.72501255e-06,zilliqa
3Y,0.111354175862,2.6833038556e-06,3.587003211e-05,zilliqa
24H,0.20332206216700002,2.4113636038000003e-06,0.00012759512083,monacoin
7D,0.224369486976,2.7170129532e-06,0.0001430547219,monacoin
3M,0.29535424892,2.834442473e-06,8.489239163e-05,monacoin
YTD,0.270254067657,2.8934070727e-06,8.107059568e-05,monacoin
14D,0.224511354865,2.7131222498e-06,0.00012541714055,monacoin
30D,0.233026604586,2.7888419819e-06,0.00011792406818,monacoin
MTD,0.226744860732,2.7611793053e-06,0.00012562610092,monacoin
6M,0.2688904295,3.9285923369e-06,0.00010176803591,monacoin
1Y,0.370953861019,5.8418780788e-06,0.00012093720865,monacoin
3Y,0.891587205335,2.1484595141e-05,0.00028720307463,monacoin
7D,0.000919478207,1.11385226e-08,5.8902693e-07,aion
3M,0.001980669526,1.90080009e-08,5.6929526e-07,aion
YTD,0.001776455364,1.90191717e-08,5.3289964e-07,aion
14D,0.001069944404,1.28800514e-08,5.949981e-07,aion
30D,0.000999955214,1.19701662e-08,5.1403575e-07,aion
MTD,0.001079842848,1.32182681e-08,6.0405329e-07,aion
6M,0.00134984963,1.9721821e-08,5.1088299e-07,aion
1Y,0.001790888615,2.82033806e-08,5.8385986e-07,aion
3Y,0.090693348702,2.1854394805e-06,2.92146505e-05,aion
7D,0.024773840704,3e-07,1.579544055e-05,particl
24H,0.025295487812,3e-07,1.587422825e-05,particl
14D,0.084270445735,1.0183717499e-06,4.707538442e-05,particl
30D,0.093565332082,1.1197816945e-06,4.734911972e-05,particl
MTD,0.089195465619,1.0861753294e-06,4.941800458e-05,particl
3M,0.136372405626,1.3087326154e-06,3.919692948e-05,particl
6M,0.161133130024,2.3542168496e-06,6.098469995e-05,particl
YTD,0.150580248789,1.6121494882e-06,4.517094071e-05,particl
1Y,0.373578140911,5.8832059225e-06,0.00012179276811,particl
3Y,0.684204482555,1.64872894243e-05,0.00022039978803,particl
7D,4.1158318e-05,4.984086e-10,2.624194e-08,reddcoin
1Y,0.000139281151,2.1934359e-09,4.5408e-08,reddcoin
24H,4.0838407e-05,4.84082e-10,2.5626660000000003e-08,reddcoin
14D,5.0226571e-05,6.069663e-10,2.80577e-08,reddcoin
30D,5.2114261e-05,6.236989e-10,2.637264e-08,reddcoin
MTD,4.2035547e-05,5.118867e-10,2.328944e-08,reddcoin
3M,9.5559554e-05,9.170617e-10,2.746627e-08,reddcoin
6M,4.9520876e-05,7.23519e-10,1.874236e-08,reddcoin
YTD,5.9575896e-05,6.378343e-10,1.787153e-08,reddcoin
3Y,0.000630132969,1.51843271e-08,2.0298197e-07,reddcoin
7D,0.252604287348,3.0562560742e-06,0.00016118998443,gxchain
YTD,0.430754196873,4.611761261e-06,0.00012921729406,gxchain
1Y,0.43105367907,6.7883456763e-06,0.00014053076192,gxchain
24H,0.27320051360000003,3.2378344489e-06,0.00017153019659,gxchain
14D,0.264974618403,3.2080488899e-06,0.00014842845547,gxchain
30D,0.264818067587,3.1751067776e-06,0.00013363679172,gxchain
MTD,0.28266175128,3.4419786556e-06,0.00015679879515,gxchain
3M,0.348102616827,3.3406556558e-06,0.0001000536264,gxchain
6M,0.358141221783,5.2325806539e-06,0.0001355471401,gxchain
3Y,1.720744333299,4.14648114295e-05,0.00055429582235,gxchain
7D,0.003505122834,4.23388971e-08,2.23055565e-06,iostoken
YTD,0.006367421355,6.81711922e-08,1.91009389e-06,iostoken
1Y,0.009539554156,1.50231385e-07,3.11005538e-06,iostoken
24H,0.003635519834,4.31243793e-08,2.28217567e-06,iostoken
14D,0.003560668064,4.29298335e-08,1.98332502e-06,iostoken
30D,0.004355392177,5.20408999e-08,2.20604026e-06,iostoken
MTD,0.00378016263,4.62320105e-08,2.11050281e-06,iostoken
3M,0.007342081916,7.0460164e-08,2.11030278e-06,iostoken
6M,0.005205850229,7.60594691e-08,1.97027895e-06,iostoken
3Y,0.029531435696,7.116196106e-07,9.51283181e-06,iostoken
7D,0.409198138775,4.9417468316e-06,0.00026006179326,firo
YTD,2.293582933929,2.45556677109e-05,0.00068802714536,firo
1Y,1.620701583976,2.55232309207e-05,0.00052837602251,firo
24H,0.368866160223,4.3746872522e-06,0.00023148261327,firo
14D,0.823945255569,9.9222706963e-06,0.00045873786864,firo
30D,1.100134394484,1.31578755018e-05,0.000559239999,firo
MTD,0.958309424015,1.17081710836e-05,0.00053350027828,firo
3M,1.969093502702,1.88969086372e-05,0.00056596801096,firo
6M,1.247671136968,1.82289539897e-05,0.00047221108354,firo
3Y,3.638532924203,8.76778023687e-05,0.00117206464688,firo
7D,0.000991437344,1.20368582e-08,6.3659488e-07,neblio
1Y,0.007991805721,1.258570393e-07,2.60546331e-06,neblio
YTD,0.006968265591,7.46039796e-08,2.09033465e-06,neblio
24H,0.001076790415,1.27676421e-08,6.7561975e-07,neblio
14D,0.001231904079,1.47286069e-08,6.8040884e-07,neblio
30D,0.004452231998,5.33594162e-08,2.29065127e-06,neblio
MTD,0.003366865442,4.13155079e-08,1.88826074e-06,neblio
3M,0.006555954855,6.29158949e-08,1.88434969e-06,neblio
6M,0.002711921627,3.96222154e-08,1.02639182e-06,neblio
3Y,0.519981298671,1.253e-05,0.00016749929433,neblio
7D,0.000714580728,8.6457032e-09,4.5598298e-07,nxt
YTD,0.001045072263,1.11888028e-08,3.1349993e-07,nxt
1Y,0.001417659747,2.23256752e-08,4.6218096e-07,nxt
24H,0.000653305576,7.7426476e-09,4.101809e-07,nxt
14D,0.00059719319,7.2302206e-09,3.3452435e-07,nxt
30D,0.000846643742,1.01510607e-08,4.2724711e-07,nxt
MTD,0.00084340676,1.02701835e-08,4.6785659e-07,nxt
3M,0.001098693162,1.05438895e-08,3.1579261e-07,nxt
6M,0.000904886682,1.32207416e-08,3.4247608e-07,nxt
3Y,0.008580249317,2.067584435e-07,2.76391807e-06,nxt
7D,0.061935744365,7.500138364e-07,3.948932988e-05,vertcoin
24H,0.068209572651,8.089534366e-07,4.280503833e-05,vertcoin
14D,0.050880467823,6.148683634e-07,2.842298461e-05,vertcoin
30D,0.043149829005,5.16413372e-07,2.183614779e-05,vertcoin
MTD,0.05203364047,6.336382257e-07,2.882880497e-05,vertcoin
3M,0.055566880979,5.332617632e-07,1.597134776e-05,vertcoin
6M,0.057521546443,8.404118621e-07,2.177040966e-05,vertcoin
YTD,0.05040513688,5.396498962e-07,1.512049202e-05,vertcoin
1Y,0.039187408185,6.171335168e-07,1.277575531e-05,vertcoin
3Y,0.394089009178,9.4963709226e-06,0.00012694616347,vertcoin
7D,0.000178645182,2.1620548e-09,1.1410094e-07,achain
6M,0.000258539052,3.7773547e-09,9.785031e-08,achain
24H,0.000178174248,2.1104111e-09,1.1186716e-07,achain
30D,0.000120949106,1.4446211e-09,6.025753e-08,achain
14D,0.000119438638,1.4530825e-09,6.701228e-08,achain
MTD,0.00012048668,1.4671108e-09,6.666729e-08,achain
3M,0.000183115527,1.7573149e-09,5.26321e-08,achain
YTD,0.000122949678,1.3163297e-09,3.688234e-08,achain
1Y,0.001590425914,2.50464418e-08,5.1850564e-07,achain
3Y,0.007787334531,1.876515596e-07,2.50849991e-06,achain
24H,0.534577975753,6.34e-06,0.0003354753571,radium
14D,0.618143845521,7.47e-06,0.0003453091876,radium
3M,1.02430453061,9.83e-06,0.00029441141165,radium
YTD,0.886398297097,9.49e-06,0.00026590104111,radium
1Y,1.809723670441,2.85e-05,0.00059000040741,radium
7D,0.577230488407,6.99e-06,0.00036803376476,radium
30D,0.675138633632,8.08e-06,0.00034165667222,radium
MTD,0.625745613639,7.62e-06,0.00034668914372,radium
6M,0.931529268424,1.361e-05,0.00035255960658,radium
3Y,3.527822043097,8.501e-05,0.00113640183649,radium
24H,3.7221677e-05,4.412107e-10,2.335711e-08,purevidz
3Y,0.000186343689,4.5427783e-09,6.07004e-08,purevidz
YTD,3.2012356e-05,3.459375e-10,9.53797e-09,purevidz
24H,0.000136874448,1.6184142000000003e-09,8.584723e-08,bitcoinx
14D,0.000158074306,1.9255713e-09,8.917573e-08,bitcoinx
30D,0.000157779716,1.8787433e-09,7.808495e-08,bitcoinx
6M,0.000220437684,3.2206791e-09,8.342993e-08,bitcoinx
7D,0.000144116026,1.7538294e-09,9.241189e-08,bitcoinx
MTD,0.000151881598,1.852562e-09,8.411386e-08,bitcoinx
3M,0.000199667494,1.9161601e-09,5.738956e-08,bitcoinx
YTD,0.000179641554,1.923287e-09,5.388873e-08,bitcoinx
1Y,0.000205106827,3.2300758e-09,6.686828e-08,bitcoinx
3Y,7.469474e-05,1.7999207e-09,2.406109e-08,bitcoinx
7D,7.065005135788,8.55540150616e-05,0.00450454452838,bitshares-music
24H,7.252932513059,8.60184935004e-05,0.00455159066626,bitshares-music
14D,7.122561026289,8.60730576741e-05,0.00397882431323,bitshares-music
30D,7.715847691415,9.2342588975e-05,0.00390463634325,bitshares-music
3M,12.433042258561,0.0001193168650039,0.00357357544862,bitshares-music
6M,6.245292116007,9.12461138689e-05,0.00236368067654,bitshares-music
YTD,11.201788039872,0.0001199291208552,0.0033603032766,bitshares-music
MTD,7.921761399696,9.646703157e-05,0.00438898590188,bitshares-music
1Y,15.517799072639,0.0002443783439393,0.00505906394689,bitshares-music
3Y,14.905882407886,0.0003591873535611,0.00480156650079,bitshares-music
7D,0.196237196193,2.3763436425e-06,0.00012511798242,tomochain
24H,0.192229400583,2.2786096105e-06,0.00012062659676,tomochain
30D,0.271938798123,3.254539704e-06,0.00013761574318,tomochain
3M,0.386693836317,3.7110061485e-06,0.00011114573335,tomochain
6M,0.36829756666,5.3809687491e-06,0.00013939105255,tomochain
YTD,0.395780568095,4.2373249176e-06,0.00011872593331,tomochain
3Y,1.151737065904,2.77534316574e-05,0.00037100400782,tomochain
14D,0.204721793777,2.4739739959e-06,0.00011436224239,tomochain
MTD,0.222776182367,2.7128508337e-06,0.00012342728774,tomochain
1Y,0.745002927731,1.17325002635e-05,0.00024288350651,tomochain
24H,0.052894788869,6.273228166e-07,3.31942186e-05,phantasma
30D,0.068331886905,8.177900341e-07,3.457963139e-05,phantasma
MTD,0.056839849416,6.92165703e-07,3.1491645e-05,phantasma
3M,0.082566748042,7.923728823e-07,2.373180253e-05,phantasma
YTD,0.088311486741,9.454846787e-07,2.649160805e-05,phantasma
1Y,0.127646996305,2.0102181643e-06,4.161507144e-05,phantasma
7D,0.055004388547,6.660782541e-07,3.506999821e-05,phantasma
14D,0.058895581971,7.11727538e-07,3.290040936e-05,phantasma
6M,0.053441256251,7.80797257e-07,2.022612592e-05,phantasma
3Y,0.879605885244,2.11958810255e-05,0.00028334358456,phantasma
24H,0.016103575904,1.909855547e-07,1.010582763e-05,six
14D,0.01769698463,2.138603759e-07,9.88593744e-06,six
3M,0.028162268529,2.702664016e-07,8.09455878e-06,six
6M,0.029160227995,4.260421186e-07,1.103638808e-05,six
YTD,0.027506519391,2.944916184e-07,8.25138334e-06,six
7D,0.016269872898,1.970207982e-07,1.037343435e-05,six
30D,0.019811931691,2.371074622e-07,1.002590922e-05,six
MTD,0.018338531787,2.233169665e-07,1.016031075e-05,six
1Y,0.030289813668,4.770118796e-07,9.87498959e-06,six
3Y,0.177531340478,4.2779763462e-06,5.718739179e-05,six
